date,entry_time,symbol,qty,entry,stop,target,why_in,score,change_pct_at_entry,volume_x,turnover_cr,adv_cr,sector,mechanism,high_after_entry,low_after_entry,exit_time,exit,why_out
2026-07-27,09:30,LALPATHLAB,19,1880.0,1802.2,2035.6,"up 4.3%, sector unknown, 1.8x its normal volume — reported results 3 sessions ago -- Outcome of Board Meeting Dr. Lal Path Labs Ltd. has submitted to the E",6.75,4.316945954943955,1.82,97.575008,53.7,,reported results 3 sessions ago -- Outcome of Board Meeting Dr. Lal Path Labs Ltd. has submitted to the E,1886.5,1816.0,15:28,1822.5,NEVER EXITED -- valued at the last recorded candle of the session
2026-07-27,09:40,PVRINOX,31,1121.2,1073.4,1216.8,"up 4.1%, sector unknown, 1.5x its normal volume — reported results 4 sessions ago -- Outcome of Board Meeting PVR INOX Limited has submitted to the Exchang",6.0,4.10399257195915,1.52,44.22416432000001,29.1,,reported results 4 sessions ago -- Outcome of Board Meeting PVR INOX Limited has submitted to the Exchang,1136.05,1105.8,15:28,1120.15,NEVER EXITED -- valued at the last recorded candle of the session
2026-07-27,09:45,KFINTECH,33,906.65,862.5,994.95,"up 4.2%, sector unknown, 1.9x its normal volume — reported results 3 sessions ago -- Financial Results",7.08,4.218633254784749,1.95,73.74654834,37.8,,reported results 3 sessions ago -- Financial Results,955.0,896.3,15:28,950.0,NEVER EXITED -- valued at the last recorded candle of the session
2026-07-27,09:45,CARTRADE,9,2847.1,2696.4,3148.5,"up 5.6%, sector unknown, 1.6x its normal volume — results due in 2 day(s) -- Outcome of Board Meeting Cartrade Tech Limited has submitted",6.05,5.588933392671704,1.62,101.87834871999999,63.1,,results due in 2 day(s) -- Outcome of Board Meeting Cartrade Tech Limited has submitted,3015.0,2830.9,15:28,2986.5,NEVER EXITED -- valued at the last recorded candle of the session
2026-07-27,10:05,CONCOR,65,497.5,474.45,543.6,"up 4.4%, sector unknown, 1.7x its normal volume — reported results 3 sessions ago -- Outcome of Board Meeting Container Corporation Of India Limited has su",6.42,4.440012595780408,1.69,120.42858125,71.3,,reported results 3 sessions ago -- Outcome of Board Meeting Container Corporation Of India Limited has su,515.3,496.8,15:28,509.65,NEVER EXITED -- valued at the last recorded candle of the session
2026-07-28,09:30,LODHA,41,1265.65,1229.4,1338.15,"up 2.9%, sector unknown, 1.6x its normal volume — reported results 4 sessions ago -- Outcome of Board Meeting Lodha Developers Limited has submitted to the",6.12,2.9485928095005693,1.57,201.00167345000003,128.2,,reported results 4 sessions ago -- Outcome of Board Meeting Lodha Developers Limited has submitted to the,1315.0,1258.55,15:27,1313.3,NEVER EXITED -- valued at the last recorded candle of the session
2026-07-28,09:40,ZENSARTECH,99,535.15,520.0,565.45,"up 2.7%, sector unknown, 1.5x its normal volume — results due in 1 day(s) -- Outcome of Board Meeting Zensar Technologies Limited has sub",5.8,2.6568194897371997,1.52,58.235076514999996,38.2,,results due in 1 day(s) -- Outcome of Board Meeting Zensar Technologies Limited has sub,539.85,523.05,15:27,524.6,NEVER EXITED -- valued at the last recorded candle of the session
2026-07-28,09:45,NEWGEN,59,536.5,511.45,586.6,"up 4.7%, sector unknown, 2.8x its normal volume — unexplained -- 2.8x its normal volume, no published reason yet",8.32,4.7033567525370845,2.77,152.69428435,55.2,,"unexplained -- 2.8x its normal volume, no published reason yet",537.1,520.8,15:27,525.0,NEVER EXITED -- valued at the last recorded candle of the session
2026-07-28,09:45,COFORGE,19,1661.6,1585.2,1814.4,"up 4.6%, sector unknown, 1.6x its normal volume — reported results yesterday -- Board Meeting Intimation",6.12,4.562330879113964,1.57,613.3663472,390.9,,reported results yesterday -- Board Meeting Intimation,1692.2,1660.6,15:27,1680.1,NEVER EXITED -- valued at the last recorded candle of the session
2026-07-28,09:45,INTELLECT,63,747.3,723.5,794.9,"up 3.1%, sector unknown, 1.6x its normal volume — results due in 3 day(s) -- Outcome of Board Meeting Intellect Design Arena Limited has",6.05,3.075862068965511,1.62,35.09806545,21.6,,results due in 3 day(s) -- Outcome of Board Meeting Intellect Design Arena Limited has,753.3,722.15,13:18,723.5,HARD STOP -- price traded down through the seed stop
2026-07-29,09:40,KPITTECH,72,629.45,608.7,670.95,"up 2.7%, sector unknown, 1.6x its normal volume — 📝 #KPITTECH — Investor Presentation Period: 2026-06-30 #KPITTECH BW Earnings Pulse STRATEGY — IN PLAIN LANGUAG",6.43,2.7338012077688916,1.61,215.515308315,134.0,,📝 #KPITTECH — Investor Presentation Period: 2026-06-30 #KPITTECH BW Earnings Pulse STRATEGY — IN PLAIN LANGUAGE KPITTECH Keir Software development for auto industry leveraging Al and new global market,662.65,607.85,13:19,608.7,HARD STOP -- price traded down through the seed stop
2026-07-29,09:40,KMEW,9,2693.5,2539.5,3001.5,"up 5.8%, sector unknown, 1.6x its normal volume — order win -- ₹11.41 crore order from Paradip Port Authority for patrol boat. #KMEW",4.58,5.834970530451866,1.59,21.7758701,13.7,,order win -- ₹11.41 crore order from Paradip Port Authority for patrol boat. #KMEW,2736.1,2635.2,15:27,2680.0,NEVER EXITED -- valued at the last recorded candle of the session
2026-07-29,10:10,TEJASNET,54,523.2,495.8,578.0,"up 5.3%, sector unknown, 2.1x its normal volume — reported results 2 sessions ago -- Outcome of Board Meeting Tejas Networks Limited has submitted to the E",7.52,5.2610401368071695,2.13,148.99093152,69.9,,reported results 2 sessions ago -- Outcome of Board Meeting Tejas Networks Limited has submitted to the E,527.75,515.25,15:27,518.35,NEVER EXITED -- valued at the last recorded candle of the session
2026-07-29,10:25,HINDUNILVR,30,2099.9,2051.3,2197.1,"up 2.1%, sector unknown, 1.5x its normal volume — reported results yesterday -- Financial Results",5.97,2.1153472087142577,1.51,341.39292242000005,226.7,,reported results yesterday -- Financial Results,2121.7,2092.4,15:27,2118.8,NEVER EXITED -- valued at the last recorded candle of the session
2026-07-29,10:30,JWL,99,262.15,247.0,292.45,"up 6.1%, sector unknown, 6.5x its normal volume — order win -- Jupiter Wagons bags Rs. 211 Cr orders from JSW, OASPL. #JWL",14.58,6.133603238866388,6.5,181.79774812499997,28.0,,"order win -- Jupiter Wagons bags Rs. 211 Cr orders from JSW, OASPL. #JWL",264.4,256.05,15:27,257.25,NEVER EXITED -- valued at the last recorded candle of the session
2026-07-30,09:30,MOIL,93,295.15,279.1,327.25,"up 5.5%, sector unknown, 5.3x its normal volume — Profit surged 69.2% YoY to ₹88 Cr; EBITDA margin expanded 1,400 bps, signaling strong operational leverage and",15.96,5.486061472480331,5.28,92.64545992,17.6,,"Profit surged 69.2% YoY to ₹88 Cr; EBITDA margin expanded 1,400 bps, signaling strong operational leverage and pricing power.",304.45,283.3,15:27,284.75,NEVER EXITED -- valued at the last recorded candle of the session
2026-07-30,09:30,REDINGTON,93,332.3,316.25,364.4,"up 4.7%, sector unknown, 3.1x its normal volume — Q1FY27 profit surged 77% YoY to 486 Cr while revenue grew 35%, signaling strong operational leverage and margi",11.15,4.727387330601954,3.1,546.9485868600001,176.2,,"Q1FY27 profit surged 77% YoY to 486 Cr while revenue grew 35%, signaling strong operational leverage and margin expansion.",332.9,308.4,10:24,316.25,HARD STOP -- price traded down through the seed stop
2026-07-30,09:40,SMLMAH,8,5215.9,5049.1,5549.5,"up 3.3%, sector unknown, 1.7x its normal volume — Acquisition of M&M's Truck & Bus Division expands SML's product portfolio and market presence in commercial ve",7.25,3.3035590501277308,1.7,223.94883921999997,132.1,,Acquisition of M&M's Truck & Bus Division expands SML's product portfolio and market presence in commercial vehicles segment.,5479.2,5164.2,15:27,5479.2,NEVER EXITED -- valued at the last recorded candle of the session
2026-07-30,09:50,BALKRISIND,24,2281.2,2220.0,2403.6,"up 2.0%, sector unknown, 5.1x its normal volume — reported results yesterday -- Outcome of Board Meeting Balkrishna Industries Limited has submitted t",14.73,1.9804193303232027,5.14,242.0113674,47.0,,reported results yesterday -- Outcome of Board Meeting Balkrishna Industries Limited has submitted t,2333.8,2212.3,10:50,2220.0,HARD STOP -- price traded down through the seed stop
2026-07-30,10:30,TIMEX,46,547.95,516.0,611.85,"up 2.4%, sector unknown, 2.6x its normal volume — unexplained -- 2.6x its normal volume, no published reason yet",7.92,2.42056074766356,2.61,33.29859273,12.8,,"unexplained -- 2.6x its normal volume, no published reason yet",552.8,526.7,15:27,531.75,NEVER EXITED -- valued at the last recorded candle of the session
2026-07-31,09:30,63MOONS,40,888.4,851.7,961.8,"up 3.8%, sector unknown, 2.9x its normal volume — unexplained -- 2.9x its normal volume, no published reason yet",8.53,3.78504672897196,2.85,69.71132656,24.5,,"unexplained -- 2.9x its normal volume, no published reason yet",949.6,886.8,15:27,944.9,NEVER EXITED -- valued at the last recorded candle of the session
2026-07-31,09:30,ASTRAMICRO,20,1923.5,1851.0,2068.5,"up 3.4%, sector unknown, 1.9x its normal volume — Large ₹2,205 crore HAL order for core Uttam Radar programme directly boosts revenue visibility and profitabili",8.4,3.4084189022095637,1.89,194.0703784,102.9,,"Large ₹2,205 crore HAL order for core Uttam Radar programme directly boosts revenue visibility and profitability.",1954.9,1841.1,13:58,1851.0,HARD STOP -- price traded down through the seed stop
2026-07-31,09:30,HYUNDAI,19,2171.9,2096.7,2322.3,"up 2.9%, sector unknown, 2.2x its normal volume — reported results yesterday -- Outcome of Board Meeting Hyundai Motor India Limited has submitted to",7.75,2.9092632077706746,2.22,228.79098666,103.3,,reported results yesterday -- Outcome of Board Meeting Hyundai Motor India Limited has submitted to,2208.0,2150.0,15:27,2182.6,NEVER EXITED -- valued at the last recorded candle of the session
2026-07-31,09:35,QUESS,86,331.8,314.55,366.3,"up 5.0%, sector unknown, 1.5x its normal volume — reported results 2 sessions ago -- Outcome of Board Meeting Quess Corp Limited has submitted to the Excha",5.95,5.0000000000000036,1.5,24.9706044,16.6,,reported results 2 sessions ago -- Outcome of Board Meeting Quess Corp Limited has submitted to the Excha,338.85,319.85,15:27,332.55,NEVER EXITED -- valued at the last recorded candle of the session
2026-07-31,09:45,BALKRISIND,15,2428.8,2330.0,2626.4,"up 3.6%, sector unknown, 2.7x its normal volume — reported results 2 sessions ago -- Outcome of Board Meeting Balkrishna Industries Limited has submitted t",8.93,3.6398549178579125,2.69,126.66993504000001,47.0,,reported results 2 sessions ago -- Outcome of Board Meeting Balkrishna Industries Limited has submitted t,2511.2,2428.0,15:27,2459.0,NEVER EXITED -- valued at the last recorded candle of the session
2026-08-03,09:30,SPORTKING,110,234.3,220.77,261.36,"up 5.0%, sector unknown, 3.0x its normal volume — Sportking India shares audio recording of Q1 2026 earnings call. #SPORTKING - 1 minute ago = Sportking India S",9.88,5.015463224418447,2.99,43.00004808,14.4,,Sportking India shares audio recording of Q1 2026 earnings call. #SPORTKING - 1 minute ago = Sportking India Sportking India Limited provided a link to the audio recording of its Earnings Call held on,241.51,224.49,15:27,232.86,NEVER EXITED -- valued at the last recorded candle of the session
2026-08-03,09:45,REDINGTON,77,340.05,320.65,378.85,"up 6.1%, sector unknown, 1.6x its normal volume — Apple price hikes on memory-constrained products boost distributor margins on 37% of Redington's revenue.",7.03,6.050210509901773,1.61,283.850038515,176.2,,Apple price hikes on memory-constrained products boost distributor margins on 37% of Redington's revenue.,357.6,327.7,15:27,348.5,NEVER EXITED -- valued at the last recorded candle of the session
2026-08-03,09:50,RAYMONDLSL,34,734.2,691.3,820.0,"up 5.9%, sector unknown, 1.5x its normal volume — reported results 3 sessions ago -- Outcome of Board Meeting Raymond Lifestyle Limited has submitted to th",5.97,5.884049610614374,1.51,18.83568074,12.5,,reported results 3 sessions ago -- Outcome of Board Meeting Raymond Lifestyle Limited has submitted to th,750.45,725.3,15:27,726.7,NEVER EXITED -- valued at the last recorded candle of the session
2026-08-03,10:10,DEEPINDS,53,638.5,610.55,694.4,"up 4.1%, sector unknown, 2.5x its normal volume — unexplained -- 2.5x its normal volume, no published reason yet",7.78,4.066498247901564,2.55,89.75515815,35.2,,"unexplained -- 2.5x its normal volume, no published reason yet",655.0,625.1,15:27,647.0,NEVER EXITED -- valued at the last recorded candle of the session
2026-08-03,10:20,TBOTEK,16,1634.1,1540.4,1821.5,"up 6.1%, sector unknown, 2.8x its normal volume — unexplained -- 2.8x its normal volume, no published reason yet",8.4,6.08283562710983,2.8,110.62285065,39.5,,"unexplained -- 2.8x its normal volume, no published reason yet",1643.6,1604.9,15:27,1612.7,NEVER EXITED -- valued at the last recorded candle of the session
2026-08-04,09:30,SAMBHV,298,127.1,122.07,137.16,"up 3.8%, sector unknown, 1.5x its normal volume — Q1 profit surged 56% YoY to ₹56Cr with revenue up 31% to ₹732Cr, signaling strong operational momentum.",6.83,3.848353623662059,1.53,27.18456743,17.8,,"Q1 profit surged 56% YoY to ₹56Cr with revenue up 31% to ₹732Cr, signaling strong operational momentum.",129.4,124.1,15:27,124.68,NEVER EXITED -- valued at the last recorded candle of the session
2026-08-04,09:30,JAINREC,104,328.35,313.95,357.15,"up 3.3%, sector unknown, 1.6x its normal volume — JAIN RESOURCE Ql CONS EARNINGS REPORT CARD",6.3,3.2547169811320824,1.56,77.14616085,49.4,,JAIN RESOURCE Ql CONS EARNINGS REPORT CARD,332.0,322.1,15:27,322.8,NEVER EXITED -- valued at the last recorded candle of the session
2026-08-04,09:40,GODFRYPHLP,17,2354.3,2269.3,2524.3,"up 3.7%, sector unknown, 2.7x its normal volume — unexplained -- 2.7x its normal volume, no published reason yet",8.07,3.7456484378442685,2.67,192.71569967,72.2,,"unexplained -- 2.7x its normal volume, no published reason yet",2367.6,2303.1,15:14,2339.8,NEVER EXITED -- valued at the last recorded candle of the session
2026-08-04,09:40,DEEPAKFERT,19,1654.0,1578.5,1805.0,"up 4.4%, sector unknown, 2.6x its normal volume — unexplained -- 2.6x its normal volume, no published reason yet",7.92,4.353312302839116,2.61,98.9379796,37.8,,"unexplained -- 2.6x its normal volume, no published reason yet",1680.9,1587.0,15:27,1591.0,NEVER EXITED -- valued at the last recorded candle of the session
2026-08-04,09:50,UNIMECH,24,1362.0,1301.5,1483.0,"up 3.2%, sector unknown, 1.5x its normal volume — UNIMECH AEROSPACE AND MANUFACTURING: CO TO ISSUE SHARES VIA QIP NOT EXCEEDING 7.5B RUPEES",6.2,3.220917014020462,1.52,73.9767576,48.8,,UNIMECH AEROSPACE AND MANUFACTURING: CO TO ISSUE SHARES VIA QIP NOT EXCEEDING 7.5B RUPEES,1377.0,1321.0,15:27,1336.5,NEVER EXITED -- valued at the last recorded candle of the session
2026-08-05,10:25,SAREGAMA,68,561.55,539.75,605.15,"up 2.8%, sector unknown, 1.5x its normal volume — reported results yesterday -- Outcome of Board Meeting Saregama India Limited has informed the Excha",5.97,2.782099386839925,1.51,80.67216069,53.5,,reported results yesterday -- Outcome of Board Meeting Saregama India Limited has informed the Excha,564.85,554.45,15:27,559.8,NEVER EXITED -- valued at the last recorded candle of the session
2026-08-05,11:05,GODREJPROP,26,2116.9,2060.0,2230.7,"up 2.8%, sector unknown, 1.5x its normal volume — reported results yesterday -- Outcome of Board Meeting Godrej Properties Limited has submitted to th",5.97,2.7621359223301014,1.51,228.91140488000002,151.7,,reported results yesterday -- Outcome of Board Meeting Godrej Properties Limited has submitted to th,2126.3,2101.1,15:14,2108.8,NEVER EXITED -- valued at the last recorded candle of the session
2026-08-05,11:10,PNBHOUSING,36,1128.4,1087.3,1210.6,"up 3.5%, sector unknown, 1.5x its normal volume — reported results yesterday -- Outcome of Board Meeting PNB Housing Finance Limited has submitted to",5.97,3.5229357798165224,1.51,348.57472104,230.1,,reported results yesterday -- Outcome of Board Meeting PNB Housing Finance Limited has submitted to,1142.3,1120.0,15:14,1121.6,NEVER EXITED -- valued at the last recorded candle of the session
2026-08-05,11:15,GRAPHITE,42,742.1,707.05,812.2,"up 3.5%, sector unknown, 1.7x its normal volume — reported results yesterday -- Outcome of Board Meeting Graphite India Limited has submitted to the E",6.42,3.5006973500697383,1.69,243.05222095,143.5,,reported results yesterday -- Outcome of Board Meeting Graphite India Limited has submitted to the E,741.6,705.3,15:15,707.05,HARD STOP -- price traded down through the seed stop
2026-08-05,14:35,CNL,22,1117.0,1050.7,1249.6,"up 4.5%, sector unknown, 1.8x its normal volume — reported results yesterday -- Outcome of Board Meeting Outcome of Board Meeting for unaudited Standa",6.8,4.495065250947187,1.84,22.1701043,12.0,,reported results yesterday -- Outcome of Board Meeting Outcome of Board Meeting for unaudited Standa,1139.7,1115.0,15:27,1136.65,NEVER EXITED -- valued at the last recorded candle of the session
2026-08-05,--,MSUMI,,,,,REFUSED AT THE ORDER GATE: Rs 41.07 is below the Rs 50 floor,,,,,,,,,,--,,--
2026-08-05,--,MSUMI,,,,,REFUSED AT THE ORDER GATE: Rs 41.06 is below the Rs 50 floor,,,,,,,,,,--,,--
2026-08-05,--,MSUMI,,,,,REFUSED AT THE ORDER GATE: Rs 41.10 is below the Rs 50 floor,,,,,,,,,,--,,--
2026-08-05,--,MSUMI,,,,,REFUSED AT THE ORDER GATE: Rs 41.09 is below the Rs 50 floor,,,,,,,,,,--,,--
2026-08-05,--,MSUMI,,,,,REFUSED AT THE ORDER GATE: Rs 41.08 is below the Rs 50 floor,,,,,,,,,,--,,--
2026-08-05,--,MSUMI,,,,,REFUSED AT THE ORDER GATE: Rs 41.06 is below the Rs 50 floor,,,,,,,,,,--,,--
2026-08-05,--,MSUMI,,,,,REFUSED AT THE ORDER GATE: Rs 41.07 is below the Rs 50 floor,,,,,,,,,,--,,--
2026-08-05,--,MSUMI,,,,,REFUSED AT THE ORDER GATE: Rs 41.10 is below the Rs 50 floor,,,,,,,,,,--,,--
2026-08-05,--,MSUMI,,,,,REFUSED AT THE ORDER GATE: Rs 41.18 is below the Rs 50 floor,,,,,,,,,,--,,--
2026-08-05,--,MSUMI,,,,,REFUSED AT THE ORDER GATE: Rs 41.17 is below the Rs 50 floor,,,,,,,,,,--,,--
2026-08-05,--,MSUMI,,,,,REFUSED AT THE ORDER GATE: Rs 41.12 is below the Rs 50 floor,,,,,,,,,,--,,--
2026-08-05,--,SEPC,,,,,REFUSED AT THE ORDER GATE: Rs 6.29 is below the Rs 50 floor,,,,,,,,,,--,,--
2026-08-05,--,SEPC,,,,,REFUSED AT THE ORDER GATE: Rs 6.29 is below the Rs 50 floor,,,,,,,,,,--,,--
2026-08-05,--,SEPC,,,,,REFUSED AT THE ORDER GATE: Rs 6.27 is below the Rs 50 floor,,,,,,,,,,--,,--
2026-08-05,--,SEPC,,,,,REFUSED AT THE ORDER GATE: Rs 6.30 is below the Rs 50 floor,,,,,,,,,,--,,--
2026-08-05,--,SEPC,,,,,REFUSED AT THE ORDER GATE: Rs 6.30 is below the Rs 50 floor,,,,,,,,,,--,,--
2026-08-05,--,SEPC,,,,,REFUSED AT THE ORDER GATE: Rs 6.28 is below the Rs 50 floor,,,,,,,,,,--,,--
2026-08-05,--,SEPC,,,,,REFUSED AT THE ORDER GATE: Rs 6.30 is below the Rs 50 floor,,,,,,,,,,--,,--
2026-08-05,--,SEPC,,,,,REFUSED AT THE ORDER GATE: Rs 6.29 is below the Rs 50 floor,,,,,,,,,,--,,--
2026-08-05,--,SEPC,,,,,REFUSED AT THE ORDER GATE: Rs 6.29 is below the Rs 50 floor,,,,,,,,,,--,,--
2026-08-05,--,SEPC,,,,,REFUSED AT THE ORDER GATE: Rs 6.34 is below the Rs 50 floor,,,,,,,,,,--,,--
2026-08-05,--,SEPC,,,,,REFUSED AT THE ORDER GATE: Rs 6.31 is below the Rs 50 floor,,,,,,,,,,--,,--
2026-08-05,--,SEPC,,,,,REFUSED AT THE ORDER GATE: Rs 6.29 is below the Rs 50 floor,,,,,,,,,,--,,--
2026-08-05,--,SEPC,,,,,REFUSED AT THE ORDER GATE: Rs 6.30 is below the Rs 50 floor,,,,,,,,,,--,,--
2026-08-05,--,SEPC,,,,,REFUSED AT THE ORDER GATE: Rs 6.29 is below the Rs 50 floor,,,,,,,,,,--,,--
2026-08-05,--,SEPC,,,,,REFUSED AT THE ORDER GATE: Rs 6.28 is below the Rs 50 floor,,,,,,,,,,--,,--
2026-08-05,--,SEPC,,,,,REFUSED AT THE ORDER GATE: Rs 6.30 is below the Rs 50 floor,,,,,,,,,,--,,--
2026-08-05,--,SEPC,,,,,REFUSED AT THE ORDER GATE: Rs 6.28 is below the Rs 50 floor,,,,,,,,,,--,,--
2026-08-05,--,SEPC,,,,,REFUSED AT THE ORDER GATE: Rs 6.34 is below the Rs 50 floor,,,,,,,,,,--,,--
2026-08-05,--,SEPC,,,,,REFUSED AT THE ORDER GATE: Rs 6.34 is below the Rs 50 floor,,,,,,,,,,--,,--
2026-08-06,09:40,JKLAKSHMI,59,604.65,579.5,654.95,"up 4.0%, sector unknown, 1.5x its normal volume — 3K LAKSHMI CEMENT QI CONS EARNINGS REPORT CARD QIFY27 QIFY26 Metric 2150 Cr 2108 Cr Profit 31,905 Cr 21,741 Re",6.25,3.972143409852983,1.54,83.24893757999999,54.2,,"3K LAKSHMI CEMENT QI CONS EARNINGS REPORT CARD QIFY27 QIFY26 Metric 2150 Cr 2108 Cr Profit 31,905 Cr 21,741 Revenue Vv 16.7% | 331 Cr 2259 Cr EBITDA 17.9% ¥ 430 bps | 13.6 % EBITDA Margin",606.15,567.2,12:22,579.5,HARD STOP -- price traded down through the seed stop
2026-08-06,10:10,SOTL,32,805.0,758.8,897.4,"up 2.9%, sector unknown, 2.0x its normal volume — reported results yesterday -- Outcome of Board Meeting Savita Oil Technologies Limited has submitted",7.15,2.8819732890280467,1.98,298.2764085,150.3,,reported results yesterday -- Outcome of Board Meeting Savita Oil Technologies Limited has submitted,812.0,768.7,15:27,793.0,NEVER EXITED -- valued at the last recorded candle of the session
2026-08-06,11:15,NEULANDLAB,1,22001.0,21000.0,24003.0,"up 3.4%, sector unknown, 1.7x its normal volume — NEULAND LAB Q1 CONS EARNINGS REPORT CARD ea | ee Per deel",6.6,3.4075954126715544,1.68,1099.5791786,654.2,,NEULAND LAB Q1 CONS EARNINGS REPORT CARD ea | ee Per deel,22222.0,21313.0,15:27,21599.0,NEVER EXITED -- valued at the last recorded candle of the session
2026-08-06,11:20,CUMMINSIND,8,5377.0,5192.0,5747.0,"up 3.4%, sector unknown, 1.5x its normal volume — CUMMINS INDIA WARNS: HISTORIC MARGIN LEVELS MAY NOT RETURN CUMMINS INDIA FLAGS MARGIN RISK; HISTORIC PEAKS MAY",6.15,3.4038461538461537,1.5,566.6546073,378.8,,CUMMINS INDIA WARNS: HISTORIC MARGIN LEVELS MAY NOT RETURN CUMMINS INDIA FLAGS MARGIN RISK; HISTORIC PEAKS MAY BE OUT OF REACH,5419.5,5339.0,15:14,5403.5,NEVER EXITED -- valued at the last recorded candle of the session
2026-08-06,13:00,AEGISVOPAK,109,292.35,278.65,319.75,"up 4.8%, sector unknown, 1.6x its normal volume — AEGIS VOPAK QI CONS EARNINGS REPORT CARD Metric Profit Revenue EBITDA 4 16.2% | A 210 bps | EBITDA Margin",6.38,4.784946236559148,1.59,70.73864316000001,44.4,,AEGIS VOPAK QI CONS EARNINGS REPORT CARD Metric Profit Revenue EBITDA 4 16.2% | A 210 bps | EBITDA Margin,294.1,287.25,15:27,288.0,NEVER EXITED -- valued at the last recorded candle of the session
2026-08-07,09:55,TATAINVEST,43,703.35,669.2,771.65,"up 4.5%, sector unknown, 1.6x its normal volume — reported results 3 sessions ago -- Outcome of Board Meeting Tata Investment Corporation Limited has submi",6.33,4.509658246656764,1.65,104.5107765,63.4,,reported results 3 sessions ago -- Outcome of Board Meeting Tata Investment Corporation Limited has submi,704.0,691.25,12:31,693.5,NEVER EXITED -- valued at the last recorded candle of the session
2026-08-07,10:35,ENRIN,8,3654.0,3470.8,4020.4,"up 4.0%, sector unknown, 1.6x its normal volume — #ENRIN - Strong Beat Q1 FY27 Metric QoQ Sales 4% oP 18% PAT 18% REVENUE 0-2,485.6 Gr 2,394.1 1,784.6 Jun25 Mar",7.47,3.972228545413155,1.55,1126.9290438,725.7,,"#ENRIN - Strong Beat Q1 FY27 Metric QoQ Sales 4% oP 18% PAT 18% REVENUE 0-2,485.6 Gr 2,394.1 1,784.6 Jun25 Mar26 Siemens Ener.Ind Electrical Equipment | Heavy Electrical Equipment FinAl Rating : Stron",3719.0,3627.6,12:31,3699.6,NEVER EXITED -- valued at the last recorded candle of the session
2026-08-07,10:35,COSMOFIRST,30,920.65,872.1,1017.75,"up 4.2%, sector unknown, 1.5x its normal volume — reported results yesterday -- Outcome of Board Meeting COSMO FIRST LIMITED has submitted to the Exch",5.97,4.181283240918856,1.51,39.436779269999995,26.1,,reported results yesterday -- Outcome of Board Meeting COSMO FIRST LIMITED has submitted to the Exch,927.85,905.1,12:31,907.25,NEVER EXITED -- valued at the last recorded candle of the session
2026-08-07,11:50,PGEL,48,633.5,602.45,695.6,"up 2.9%, sector unknown, 1.7x its normal volume — reported results yesterday -- Outcome of Board Meeting PG Electroplast Limited has submitted to the",6.53,2.924451665312754,1.73,448.0103131,259.7,,reported results yesterday -- Outcome of Board Meeting PG Electroplast Limited has submitted to the,633.5,625.25,12:31,630.5,NEVER EXITED -- valued at the last recorded candle of the session
2026-08-07,12:10,LLOYDSENGG,263,96.69,91.0,108.07,"up 6.3%, sector unknown, 1.7x its normal volume — reported results yesterday -- Outcome of Board Meeting LLOYDS ENGINEERING WORKS LIMITED has submitte",6.35,6.25274725274725,1.66,424.314608718,255.4,,reported results yesterday -- Outcome of Board Meeting LLOYDS ENGINEERING WORKS LIMITED has submitte,96.85,96.03,12:32,96.41,NEVER EXITED -- valued at the last recorded candle of the session
2026-08-10,10:00,RAMCOCEM,31,972.6,925.15,1067.5,"up 5.1%, sector unknown, 1.5x its normal volume — #EarningsWithETNOW RAMCO CEMENTS Q1 Eons EARNINGS REPORT CARD Revenue 2,273 cr 2,074 cr A 9.6% EBITDA %305 cr",6.15,5.128898016537864,1.5,67.64063412,45.0,,"#EarningsWithETNOW RAMCO CEMENTS Q1 Eons EARNINGS REPORT CARD Revenue 2,273 cr 2,074 cr A 9.6% EBITDA %305 cr %396 cr W 23.0% EBITDA Margin 13.4% 19.1% V 570 bps Follow us on 5X9 Getnowiive",983.45,950.65,13:43,955.1,NEVER EXITED -- valued at the last recorded candle of the session
2026-08-10,10:55,ENTERO,19,1386.9,1310.0,1540.7,"up 3.9%, sector unknown, 2.1x its normal volume — ENTERO HEALTHCARE Q1 CONS EARNINGS REPORT CARD Metric QUFY27 QUFY26 Revenue %1,940 cr | 140ser | A 38.3% EBITD",7.6,3.8876404494382086,2.08,131.66493543,63.2,,"ENTERO HEALTHCARE Q1 CONS EARNINGS REPORT CARD Metric QUFY27 QUFY26 Revenue %1,940 cr | 140ser | A 38.3% EBITDA 96 cr 48 cr A 97.3% EBITDA Margin 5.0% 3.5% A 150 bps Follow us on 5X9 Getnowiive",1386.8,1324.0,13:43,1326.0,NEVER EXITED -- valued at the last recorded candle of the session
2026-08-10,11:40,AKUMS,37,748.5,708.9,827.7,"up 4.7%, sector unknown, 1.5x its normal volume — reported results 2 sessions ago -- Outcome of Board Meeting Akums Drugs and Pharmaceuticals Limited has s",6.03,4.685314685314685,1.53,92.59730925,60.5,,reported results 2 sessions ago -- Outcome of Board Meeting Akums Drugs and Pharmaceuticals Limited has s,756.35,730.1,13:43,730.65,NEVER EXITED -- valued at the last recorded candle of the session
2026-08-10,11:45,BEML,14,1884.0,1778.5,2095.0,"up 5.1%, sector unknown, 1.6x its normal volume — e Rail & Metro Orders To Be Finalised In Q3 e Have Quite A Few Defence & Export Orders Coming Up e Have 6 Big",6.38,5.122196183461664,1.59,293.6389212,184.4,,e Rail & Metro Orders To Be Finalised In Q3 e Have Quite A Few Defence & Export Orders Coming Up e Have 6 Big Rail Tenders tase eeeeeweeeaccceresess:: Coming Up SHANTANU ROY e Sitting On Order Prospec,1912.0,1860.6,13:43,1868.2,NEVER EXITED -- valued at the last recorded candle of the session
2026-08-10,12:00,KAYNES,7,3754.0,3545.5,4171.0,"up 4.9%, sector unknown, 1.5x its normal volume — KAYNES TECHNOLOGY Q1 eens EARNINGS REPORT CARD Financial Metric | Q1FY27 Q1FY26 YoY Change Profit %56Cr %74 Cr",6.17,4.8720527433232785,1.51,1094.1509758,725.3,,KAYNES TECHNOLOGY Q1 eens EARNINGS REPORT CARD Financial Metric | Q1FY27 Q1FY26 YoY Change Profit %56Cr %74 Cr Vi 24.3% EBITDA Margin 15.5% 16.6% wv 11% Follow us on 5X9 Getnowive,3761.2,3700.0,13:43,3720.5,NEVER EXITED -- valued at the last recorded candle of the session
2026-08-11,09:55,GLAND,12,2932.7,2815.0,3168.1,"up 2.9%, sector unknown, 1.5x its normal volume — reported results yesterday -- Outcome of Board Meeting Gland Pharma Limited has submitted to the Exc",6.0,2.901754385964906,1.52,919.87214835,603.9,,reported results yesterday -- Outcome of Board Meeting Gland Pharma Limited has submitted to the Exc,2941.5,2836.0,15:27,2922.9,NEVER EXITED -- valued at the last recorded candle of the session
2026-08-11,10:00,INDSWFTLAB,91,276.34,259.97,309.08,"up 5.4%, sector unknown, 2.7x its normal volume — reported results yesterday -- Outcome of Board Meeting Ind-Swift Laboratories Limited has submitted",9.03,5.445110085091763,2.73,162.99423014799999,59.6,,reported results yesterday -- Outcome of Board Meeting Ind-Swift Laboratories Limited has submitted,284.68,273.65,15:25,284.68,NEVER EXITED -- valued at the last recorded candle of the session
2026-08-11,10:10,KPRMILL,27,1148.7,1093.5,1259.1,"up 4.9%, sector unknown, 1.5x its normal volume — reported results yesterday -- Outcome of Board Meeting we wish to inform you that the Board of Direc",6.05,4.856230031948886,1.54,93.61525929000001,60.7,,reported results yesterday -- Outcome of Board Meeting we wish to inform you that the Board of Direc,1150.3,1092.1,15:12,1093.5,HARD STOP -- price traded down through the seed stop
2026-08-11,11:35,ARE&M,26,959.15,903.0,1071.45,"up 6.2%, sector unknown, 1.7x its normal volume — reported results yesterday -- Outcome of Board Meeting Amara Raja Energy & Mobility Limited has subm",6.45,6.21816168327796,1.7,408.480404125,240.7,,reported results yesterday -- Outcome of Board Meeting Amara Raja Energy & Mobility Limited has subm,974.0,957.65,15:27,965.4,NEVER EXITED -- valued at the last recorded candle of the session
2026-08-11,12:10,POLYMED,21,1865.3,1794.0,2007.9,"up 4.0%, sector unknown, 1.5x its normal volume — reported results 4 sessions ago -- Outcome of Board Meeting Poly Medicure Limited has informed the outcom",5.95,3.9743589743589722,1.5,117.15277792,78.0,,reported results 4 sessions ago -- Outcome of Board Meeting Poly Medicure Limited has informed the outcom,1884.9,1852.0,15:27,1863.3,NEVER EXITED -- valued at the last recorded candle of the session
2026-08-11,--,PCJEWELLER,,,,,REFUSED AT THE ORDER GATE: Rs 10.34 is below the Rs 50 floor,,,,,,,,,,--,,--
