trade_date,symbol,direction,entry_time,exit_time,entry_price,exit_price,qty,pnl,exit_reason,holding_minutes,entry_reason,door,move_age_min,volume_x,off_high_pct,run_up_pct,results_grade,news_kind,sector
2026-09-07,IFCI,LONG,2026-09-07 09:16:01.142512,2026-09-07 09:16:47.000000,107.1,105.24,1144,-2127.8399999999992,MISSED_STOP_RECONCILED,0.7642914666666666,RANKED_SETUP,,,,,,GOOD,,FINANCIAL SERVICES
2026-09-07,NIACL,LONG,2026-09-07 09:16:34.938865,2026-09-07 09:16:45.000000,239.82,237.15,556,-1484.5199999999932,MISSED_STOP_RECONCILED,0.16768558333333333,RANKED_SETUP,,,,,,,,INSURANCE
2026-09-07,SUPRIYA,LONG,2026-09-07 09:16:34.938865,2026-09-07 09:24:11.000000,868.53,912.04,152,6613.519999999999,MISSED_STOP_RECONCILED,7.601018916666666,RANKED_SETUP,,,,,,STRONG,,PHARMACEUTICALS
2026-09-07,BALAMINES,LONG,2026-09-07 09:16:34.938865,2026-09-07 09:46:08.000000,2589.0,2590.8,31,55.80000000000564,BUYING_DRIED_UP,29.551018916666667,RANKED_SETUP,,,,,,GOOD,,CHEMICALS
2026-09-07,SKIPPER,LONG,2026-09-07 09:16:34.938865,2026-09-07 09:47:52.000000,597.94,603.2,233,1225.5799999999979,BUYING_DRIED_UP,31.284352249999998,RANKED_SETUP,,,,,,GOOD,,CAPITAL GOODS
2026-09-07,TEXRAIL,LONG,2026-09-07 09:16:34.938865,2026-09-07 10:06:20.000000,119.42,121.62,1157,2545.4000000000033,BUYING_DRIED_UP,49.751018916666666,RANKED_SETUP,,,,,,,NEWS,CAPITAL GOODS
2026-09-07,GNFC,LONG,2026-09-07 09:16:34.938865,2026-09-07 15:10:59.000000,603.85,596.7,273,-1951.949999999994,MANUAL_EXIT,354.40101891666666,RANKED_SETUP,,,,,,STRONG,,AGRICULTURE & FERTILIZERS
2026-09-07,RVNL,LONG,2026-09-07 09:16:34.938865,2026-09-07 15:11:13.000000,215.56,210.99,888,-4058.159999999994,MANUAL_EXIT,354.63435225,RANKED_SETUP,,,,,,MIXED,ORDER_WIN,INFRASTRUCTURE
2026-09-07,WHEELS,LONG,2026-09-07 09:16:34.938865,2026-09-07 15:11:21.000000,1767.23,1761.12,70,-427.7000000000089,MANUAL_EXIT,354.76768558333333,RANKED_SETUP,,,,,,MIXED,,AUTOMOBILE
2026-09-07,SSWL,LONG,2026-09-07 09:17:17.832420,2026-09-07 10:23:11.000000,374.75,377.21,664,1633.4399999999864,BUYING_DRIED_UP,65.88612633333334,RANKED_SETUP,,,,,,GOOD,,AUTOMOBILE
2026-09-07,KIRIINDUS,LONG,2026-09-07 09:17:25.950542,2026-09-07 10:13:24.000000,588.52,589.46,221,207.74000000001206,BUYING_DRIED_UP,55.96749096666667,RANKED_SETUP,,,,,,MIXED,,CHEMICALS
2026-09-07,INDSWFTLAB,LONG,2026-09-07 09:17:31.021362,2026-09-07 12:52:17.000000,367.5,368.61,222,246.42000000000303,BUYING_DRIED_UP,214.76631063333335,RANKED_SETUP,,,,,,STRONG,,PHARMACEUTICALS
2026-09-07,IONEXCHANG,LONG,2026-09-07 09:33:09.378320,2026-09-07 09:48:10.000000,436.97,441.18,331,1393.5099999999932,BUYING_DRIED_UP,15.010361333333332,RANKED_SETUP,,,,,,MIXED,,INFRASTRUCTURE
2026-09-07,RAYMOND,LONG,2026-09-07 09:46:08.653693,2026-09-07 15:11:36.000000,786.39,770.51,269,-4271.719999999998,MANUAL_EXIT,325.4557717833333,RANKED_SETUP,,,,,,WEAK,,TEXTILES & APPAREL
2026-09-07,VISHNU,LONG,2026-09-07 09:48:10.060031,2026-09-07 15:11:53.000000,738.47,725.09,203,-2716.139999999999,MANUAL_EXIT,323.71566615,RANKED_SETUP,,,,,,STRONG,,CHEMICALS
2026-09-07,JKPAPER,LONG,2026-09-07 09:48:42.909026,2026-09-07 13:29:13.000000,421.54,423.39,346,640.0999999999882,BUYING_DRIED_UP,220.50151623333335,RANKED_SETUP,,,,,,STRONG,NEWS,PAPER & PACKAGING
2026-09-07,GMMPFAUDLR,LONG,2026-09-07 10:06:21.625353,2026-09-07 11:14:11.000000,1211.61,1222.89,131,1477.6800000000262,BUYING_DRIED_UP,67.82291078333334,RANKED_SETUP,,,,,,STRONG,,CAPITAL GOODS
2026-09-07,SYRMA,LONG,2026-09-07 10:13:26.939562,2026-09-07 11:02:16.000000,1563.88,1606.2,78,3300.959999999995,BUYING_DRIED_UP,48.81767396666667,RANKED_SETUP,,,,,,MIXED,,CAPITAL GOODS
2026-09-07,ANTELOPUS,LONG,2026-09-07 10:26:20.331220,2026-09-07 11:23:34.000000,1009.11,976.06,164,-5420.200000000012,TRAILING_STOP,57.227813,RANKED_SETUP,,,,,,,,OIL & GAS
2026-09-07,MVELECTRO,LONG,2026-09-07 11:02:17.359144,2026-09-07 14:32:28.000000,836.42,808.98,117,-3210.479999999993,TRAILING_STOP,210.1773476,RANKED_SETUP,,,,,,,,CAPITAL GOODS
2026-09-07,SPLPETRO,LONG,2026-09-07 11:14:12.412249,2026-09-07 15:12:09.000000,802.0,801.05,185,-175.7500000000084,MANUAL_EXIT,237.94312918333333,RANKED_SETUP,,,,,,STRONG,,CHEMICALS
2026-09-07,RADHIKAJWE,LONG,2026-09-07 11:23:34.865646,2026-09-07 13:55:07.000000,92.35,93.51,1083,1256.2800000000118,BUYING_DRIED_UP,151.53557256666667,RANKED_SETUP,,,,,,,,CONSUMER DISCRETIONARY
2026-09-07,STAR,LONG,2026-09-07 12:58:16.577095,2026-09-07 13:45:00.000000,1167.58,1171.81,121,511.8300000000022,BUYING_DRIED_UP,46.72371508333333,RANKED_SETUP,,,,,,MIXED,NEWS,PHARMACEUTICALS
2026-09-07,TALBROAUTO,LONG,2026-09-07 13:29:15.573835,2026-09-07 15:12:14.000000,435.72,431.73,286,-1141.1400000000026,MANUAL_EXIT,102.97376941666667,RANKED_SETUP,,,,,,MIXED,,AUTOMOBILE
2026-09-07,CENTUM,LONG,2026-09-07 13:45:01.147778,2026-09-07 14:19:19.000000,4243.52,4243.48,19,-0.7600000000165892,BUYING_DRIED_UP,34.297537033333334,RANKED_SETUP,,,,,,GOOD,,CAPITAL GOODS
2026-09-07,SOLARA,LONG,2026-09-07 13:55:08.121034,2026-09-07 15:13:00.000000,706.35,696.85,176,-1672.0,MANUAL_EXIT,77.86464943333334,RANKED_SETUP,,,,,,GOOD,,PHARMACEUTICALS
2026-09-07,XTRANET,LONG,2026-09-07 14:29:45.138452,2026-09-07 15:12:21.000000,278.02,277.44,359,-208.2199999999943,MANUAL_EXIT,42.597692466666665,RANKED_SETUP,,,,,,,,INFORMATION TECHNOLOGY
2026-09-07,SMCGLOBAL,LONG,2026-09-07 14:36:22.488963,2026-09-07 15:12:31.000000,84.8,85.22,1178,494.76000000000204,MANUAL_EXIT,36.14185061666667,RANKED_SETUP,,,,,,,,FINANCIAL SERVICES
2026-09-08,HINDCOPPER,LONG,2026-09-08 09:16:04.396689,2026-09-08 11:18:50.000000,524.81,531.33,238,1551.7600000000227,BUYING_DRIED_UP,122.76005518333334,RANKED_SETUP,,,,,,MIXED,,METALS & MINING
2026-09-08,ASTRAMICRO,LONG,2026-09-08 09:16:38.915703,2026-09-08 09:19:49.000000,1769.9,1766.42,46,-160.08000000000084,MISSED_STOP_RECONCILED,3.1680716166666665,RANKED_SETUP,,,,,,STRONG,,CAPITAL GOODS
2026-09-08,BALRAMCHIN,LONG,2026-09-08 09:16:38.915703,2026-09-08 09:30:11.000000,736.75,713.69,197,-4542.819999999989,TRAILING_STOP,13.534738283333333,RANKED_SETUP,,,,,,MIXED,,AGRICULTURE & FERTILIZERS
2026-09-08,WHEELS,LONG,2026-09-08 09:16:38.915703,2026-09-08 09:58:47.000000,1823.64,1874.96,68,3489.7599999999957,BUYING_DRIED_UP,42.134738283333334,RANKED_SETUP,,,,,,MIXED,,AUTOMOBILE
2026-09-08,RAYMOND,LONG,2026-09-08 09:16:38.915703,2026-09-08 10:00:00.000000,796.15,836.58,168,6792.240000000011,BUYING_DRIED_UP,43.351404949999996,RANKED_SETUP,,,,,,WEAK,,TEXTILES & APPAREL
2026-09-08,TEXRAIL,LONG,2026-09-08 09:16:38.915703,2026-09-08 11:21:50.000000,119.83,120.06,1153,265.1900000000046,BUYING_DRIED_UP,125.18473828333335,RANKED_SETUP,,,,,,,,CAPITAL GOODS
2026-09-08,HAL,LONG,2026-09-08 09:16:38.915703,2026-09-08 12:30:01.000000,4926.36,5018.39,42,3865.2600000000275,BUYING_DRIED_UP,193.36807161666667,RANKED_SETUP,,,,,,GOOD,,CAPITAL GOODS
2026-09-08,GVT&D,LONG,2026-09-08 09:16:38.915703,2026-09-08 13:56:22.000000,4683.14,4733.13,29,1449.7099999999937,BUYING_DRIED_UP,279.7180716166667,RANKED_SETUP,,,,,,GOOD,NEWS,CAPITAL GOODS
2026-09-08,PREMEXPLN,LONG,2026-09-08 09:16:38.915703,2026-09-08 15:18:39.000000,672.95,676.64,123,453.86999999999273,MANUAL_EXIT,362.00140495,RANKED_SETUP,,,,,,GOOD,,CAPITAL GOODS
2026-09-08,SANSERA,LONG,2026-09-08 09:16:38.915703,2026-09-08 15:18:46.000000,4077.44,4035.48,20,-839.2000000000007,MANUAL_EXIT,362.11807161666667,RANKED_SETUP,,,,,,STRONG,,AUTOMOBILE
2026-09-08,PCBL,LONG,2026-09-08 09:26:45.330684,2026-09-08 14:49:15.000000,329.56,329.98,417,175.14000000000664,BUYING_DRIED_UP,322.4944886,RANKED_SETUP,,,,,,STRONG,,CHEMICALS
2026-09-08,DCBBANK,LONG,2026-09-08 09:32:01.424202,2026-09-08 09:47:04.000000,230.17,231.8,672,1095.360000000016,BUYING_DRIED_UP,15.042929966666666,RANKED_SETUP,,,,,,,,BANKING
2026-09-08,GMMPFAUDLR,LONG,2026-09-08 09:47:06.217775,2026-09-08 10:17:23.000000,1290.64,1292.75,113,238.4299999999887,BUYING_DRIED_UP,30.27970375,RANKED_SETUP,,,,,,STRONG,,CAPITAL GOODS
2026-09-08,BEML,LONG,2026-09-08 10:00:01.483154,2026-09-08 14:25:28.000000,2177.39,2110.1,66,-4441.139999999998,TRAILING_STOP,265.4419474333333,RANKED_SETUP,,,,,,,,CAPITAL GOODS
2026-09-08,TEGA,LONG,2026-09-08 10:10:43.565713,2026-09-08 11:00:27.000000,1669.63,1669.07,93,-52.08000000001607,BUYING_DRIED_UP,49.72390478333333,RANKED_SETUP,,,,,,STRONG,,CAPITAL GOODS
2026-09-08,MIDHANI,LONG,2026-09-08 10:35:00.952820,2026-09-08 10:59:23.000000,451.98,462.72,311,3340.140000000003,BUYING_DRIED_UP,24.367453,RANKED_SETUP,,,,,,STRONG,,METALS & MINING
2026-09-08,NESCO,LONG,2026-09-08 10:59:23.967109,2026-09-08 12:16:49.000000,1128.0,1125.84,134,-289.44000000001097,BUYING_DRIED_UP,77.41721485,RANKED_SETUP,,,,,,,,REAL ESTATE
2026-09-08,PPLPHARMA,LONG,2026-09-08 11:00:28.024342,2026-09-08 11:32:19.000000,229.23,229.27,667,26.68000000001365,BUYING_DRIED_UP,31.8495943,RANKED_SETUP,,,,,,MIXED,,PHARMACEUTICALS
2026-09-08,ONESOURCE,LONG,2026-09-08 11:18:50.388235,2026-09-08 13:01:22.000000,1634.82,1584.11,83,-4208.930000000003,TRAILING_STOP,102.52686274999999,RANKED_SETUP,,,,,,STRONG,,PHARMACEUTICALS
2026-09-08,JUBLPHARMA,LONG,2026-09-08 11:32:15.909068,2026-09-08 15:19:05.000000,1012.36,996.05,161,-2625.9100000000094,MANUAL_EXIT,226.8181822,RANKED_SETUP,,,,,,MIXED,,PHARMACEUTICALS
2026-09-08,ASIANENE,LONG,2026-09-08 11:48:03.153048,2026-09-08 13:57:22.000000,561.53,542.28,222,-4273.5,TRAILING_STOP,129.31411586666667,RANKED_SETUP,,,,,,STRONG,NEWS,OIL & GAS
2026-09-08,CYIENTDLM,LONG,2026-09-08 12:16:50.187847,2026-09-08 13:33:33.000000,914.06,933.53,83,1616.0100000000023,BUYING_DRIED_UP,76.71353588333334,RANKED_SETUP,,,,,,WEAK,,CAPITAL GOODS
2026-09-08,GENESYS,LONG,2026-09-08 12:39:58.160191,2026-09-08 15:19:10.000000,286.12,287.61,361,537.8900000000033,MANUAL_EXIT,159.19733015,RANKED_SETUP,,,,,,,,INFORMATION TECHNOLOGY
2026-09-08,SFL,LONG,2026-09-08 13:01:23.157637,2026-09-08 13:12:09.000000,702.9,681.11,205,-4466.9499999999925,TRAILING_STOP,10.764039383333333,RANKED_SETUP,,,,,,GOOD,,CONSUMER DURABLES
2026-09-08,VENUSPIPES,LONG,2026-09-08 13:14:02.326077,2026-09-08 13:29:03.000000,1935.97,1944.23,64,528.6399999999994,BUYING_DRIED_UP,15.011232049999998,RANKED_SETUP,,,,,,GOOD,,METALS & MINING
2026-09-08,ANTELOPUS,LONG,2026-09-08 13:30:31.849699,2026-09-08 13:52:32.000000,1040.0,1078.99,75,2924.250000000001,BUYING_DRIED_UP,22.002505016666664,RANKED_SETUP,,,,,,,,OIL & GAS
2026-09-08,MVELECTRO,LONG,2026-09-08 13:37:26.265074,2026-09-08 14:43:10.000000,864.02,865.96,90,174.6000000000049,BUYING_DRIED_UP,65.72891543333334,RANKED_SETUP,,,,,,,,CAPITAL GOODS
2026-09-08,DEEPINDS,LONG,2026-09-08 13:52:39.051155,2026-09-08 15:19:13.000000,814.41,816.44,164,332.92000000001417,MANUAL_EXIT,86.56581408333334,RANKED_SETUP,,,,,,STRONG,,OIL & GAS
2026-09-08,NELCO,LONG,2026-09-08 14:08:35.073320,2026-09-08 15:19:28.000000,989.59,973.21,126,-2063.879999999999,MANUAL_EXIT,70.88211133333333,RANKED_SETUP,,,,,,GOOD,,TELECOM
2026-09-08,IKIO,LONG,2026-09-08 14:50:00.304323,2026-09-08 15:19:29.000000,222.81,218.89,448,-1756.1600000000071,MANUAL_EXIT,29.47826128333333,RANKED_SETUP,,,,,,MIXED,,CONSUMER DURABLES
2026-09-08,PRABHA,LONG,2026-09-08 14:53:41.414350,2026-09-08 15:19:38.000000,256.51,251.6,304,-1492.639999999999,MANUAL_EXIT,25.943094166666665,RANKED_SETUP,,,,,,GOOD,,OIL & GAS
2026-09-08,SPLPETRO,LONG,2026-09-08 15:00:23.958617,2026-09-08 15:19:42.000000,829.4,827.59,180,-325.7999999999902,MANUAL_EXIT,19.300689716666668,RANKED_SETUP,,,,,,STRONG,,CHEMICALS
2026-09-09,WHEELS,LONG,2026-09-09 09:16:49.818895,2026-09-09 09:39:17.000000,2338.97,2364.82,53,1370.0500000000193,BUYING_DRIED_UP,22.453018416666666,RANKED_SETUP,,,,,,MIXED,,AUTOMOBILE
2026-09-09,ADANIENT,LONG,2026-09-09 09:16:49.818895,2026-09-09 09:49:21.000000,2992.3,3037.58,63,2852.639999999984,BUYING_DRIED_UP,32.51968508333333,RANKED_SETUP,,,,,,MIXED,NEWS,DIVERSIFIED
2026-09-09,HAL,LONG,2026-09-09 09:16:49.818895,2026-09-09 12:09:29.000000,5045.22,5043.28,41,-79.54000000002088,BUYING_DRIED_UP,172.65301841666667,RANKED_SETUP,,,,,,STRONG,,CAPITAL GOODS
2026-09-09,EIEL,LONG,2026-09-09 09:16:49.818895,2026-09-09 15:17:54.000000,211.4,206.1,639,-3386.700000000007,MANUAL_EXIT,361.06968508333335,RANKED_SETUP,,,,,,STRONG,ORDER,INFRASTRUCTURE
2026-09-09,JINDRILL,LONG,2026-09-09 09:16:49.818895,2026-09-09 15:18:41.000000,683.71,673.31,188,-1955.200000000017,MANUAL_EXIT,361.85301841666666,RANKED_SETUP,,,,,,MIXED,,OIL & GAS
2026-09-09,WABAG,LONG,2026-09-09 09:18:07.285352,2026-09-09 09:36:36.000000,2117.06,2161.92,67,3005.6200000000085,BUYING_DRIED_UP,18.478577466666664,RANKED_SETUP,,,,,,STRONG,ORDER_WIN,INFRASTRUCTURE
2026-09-09,HBLENGINE,LONG,2026-09-09 09:18:07.285352,2026-09-09 09:42:12.000000,740.4,755.17,188,2776.7599999999966,BUYING_DRIED_UP,24.078577466666665,RANKED_SETUP,,,,,,MIXED,,CAPITAL GOODS
2026-09-09,NAVINFLUOR,LONG,2026-09-09 09:18:07.285352,2026-09-09 10:36:33.000000,8849.0,8853.57,17,77.68999999999505,BUYING_DRIED_UP,78.42857746666667,RANKED_SETUP,,,,,,STRONG,,CHEMICALS
2026-09-09,IKIO,LONG,2026-09-09 09:18:07.285352,2026-09-09 13:06:18.000000,222.9,222.7,448,-89.60000000000764,BUYING_DRIED_UP,228.17857746666667,RANKED_SETUP,,,,,,MIXED,,CONSUMER DURABLES
2026-09-09,KPEL,LONG,2026-09-09 09:18:07.285352,2026-09-09 15:03:32.000000,241.37,233.56,569,-4443.890000000001,MISSED_STOP_RECONCILED,345.41191080000004,RANKED_SETUP,,,,,,MIXED,ORDER,POWER & UTILITIES
2026-09-09,GRAPHITE,LONG,2026-09-09 09:36:37.772201,2026-09-09 09:51:37.000000,840.07,854.27,159,2257.7999999999893,BUYING_DRIED_UP,14.987129983333334,RANKED_SETUP,,,,,,MIXED,NEWS,METALS & MINING
2026-09-09,FERMENTA,LONG,2026-09-09 09:39:18.560042,2026-09-09 15:18:51.000000,501.65,492.11,385,-3672.899999999986,MANUAL_EXIT,339.54066596666667,RANKED_SETUP,,,,,,WEAK,NEWS,PHARMACEUTICALS
2026-09-09,GMMPFAUDLR,LONG,2026-09-09 09:42:13.268879,2026-09-09 14:18:50.000000,1339.07,1298.1,115,-4711.550000000003,TRAILING_STOP,276.61218535,RANKED_SETUP,,,,,,STRONG,,CAPITAL GOODS
2026-09-09,COALINDIA,LONG,2026-09-09 09:49:22.786031,2026-09-09 15:19:46.000000,434.42,429.64,493,-2356.5400000000145,MANUAL_EXIT,330.38689948333337,RANKED_SETUP,,,,,,MIXED,,METALS & MINING
2026-09-09,CHENNPETRO,LONG,2026-09-09 09:51:37.857539,2026-09-09 12:34:09.000000,1526.26,1598.2,61,4388.340000000004,MANUAL_EXIT,162.51904101666665,RANKED_SETUP,,,,,,MIXED,NEWS,OIL & GAS
2026-09-09,MRPL,LONG,2026-09-09 10:36:34.837879,2026-09-09 12:37:43.000000,179.1,185.59,708,4594.920000000006,MANUAL_EXIT,121.13603535,RANKED_SETUP,,,,,,,NEWS,OIL & GAS
2026-09-09,SHAREINDIA,LONG,2026-09-09 12:11:00.467600,2026-09-09 12:38:20.000000,181.61,184.81,562,1798.3999999999937,MANUAL_EXIT,27.32554,RANKED_SETUP,,,,,,,,FINANCIAL SERVICES
2026-09-09,HUHTAMAKI,LONG,2026-09-09 12:34:45.712282,2026-09-09 15:20:12.000000,264.63,266.92,468,1071.7200000000096,MANUAL_EXIT,165.43812863333332,RANKED_SETUP,,,,,,STRONG,,PAPER & PACKAGING
2026-09-09,ADANIPOWER,LONG,2026-09-09 12:38:06.720364,2026-09-09 15:21:16.000000,215.85,213.67,735,-1602.300000000005,MANUAL_EXIT,163.1546606,RANKED_SETUP,,,,,,STRONG,BROKER,POWER & UTILITIES
2026-09-09,PAISALO,LONG,2026-09-09 12:40:22.960521,2026-09-09 15:21:40.000000,80.46,79.89,1555,-886.3499999999894,MANUAL_EXIT,161.28399131666666,RANKED_SETUP,,,,,,,,FINANCIAL SERVICES
2026-09-09,SARDAEN,LONG,2026-09-09 13:06:19.773869,2026-09-09 14:21:14.000000,548.97,548.88,272,-24.48000000000866,BUYING_DRIED_UP,74.90376885,RANKED_SETUP,,,,,,MIXED,,METALS & MINING
2026-09-09,JSL,LONG,2026-09-09 14:18:52.265091,2026-09-09 15:21:46.000000,791.4,783.96,156,-1160.6399999999908,MANUAL_EXIT,62.89558181666666,RANKED_SETUP,,,,,,WEAK,,METALS & MINING
2026-09-09,ADANIPORTS,LONG,2026-09-09 14:21:16.403170,2026-09-09 15:22:21.000000,1782.39,1761.47,98,-2050.160000000007,MANUAL_EXIT,61.07661383333333,RANKED_SETUP,,,,,,GOOD,NEWS,INFRASTRUCTURE
2026-09-09,INDORAMA,LONG,2026-09-09 15:04:57.979544,2026-09-09 15:22:18.000000,86.87,85.5,963,-1319.3100000000045,MANUAL_EXIT,17.333674266666666,RANKED_SETUP,,,,,,MIXED,,TEXTILES & APPAREL
2026-09-10,DBL,LONG,2026-09-10 09:16:02.300601,2026-09-10 09:17:46.000000,436.22,428.79,351,-2607.9300000000026,MISSED_STOP_RECONCILED,1.7283233166666667,RANKED_SETUP,,,,,,WEAK,ORDER,INFRASTRUCTURE
2026-09-10,FCL,LONG,2026-09-10 09:16:49.999875,2026-09-10 09:32:06.000000,60.02,60.41,2021,788.1899999999868,BUYING_DRIED_UP,15.266668750000001,RANKED_SETUP,,,,,,,,CHEMICALS
2026-09-10,JINDWORLD,LONG,2026-09-10 09:16:49.999875,2026-09-10 10:11:46.000000,57.16,55.26,1460,-2773.9999999999977,TRAILING_STOP,54.933335416666665,RANKED_SETUP,,,,,,MIXED,,TEXTILES & APPAREL
2026-09-10,SHAKTIPUMP,LONG,2026-09-10 09:17:45.979617,2026-09-10 09:38:28.000000,521.46,504.3,267,-4581.720000000007,TRAILING_STOP,20.70033971666667,RANKED_SETUP,,,,,,GOOD,ORDER_WIN,CAPITAL GOODS
2026-09-10,63MOONS,LONG,2026-09-10 09:17:45.979617,2026-09-10 09:43:05.000000,888.25,898.65,112,1164.7999999999975,BUYING_DRIED_UP,25.317006383333332,RANKED_SETUP,,,,,,STRONG,,INFORMATION TECHNOLOGY
2026-09-10,SHAREINDIA,LONG,2026-09-10 09:17:45.979617,2026-09-10 09:46:00.000000,197.49,206.39,517,4601.299999999988,BUYING_DRIED_UP,28.23367305,RANKED_SETUP,,,,,,,,FINANCIAL SERVICES
2026-09-10,NOVARTIND,LONG,2026-09-10 09:18:51.533641,2026-09-10 09:34:05.000000,2296.15,2309.04,74,953.8599999999906,BUYING_DRIED_UP,15.224439316666666,RANKED_SETUP,,,,,,STRONG,,PHARMACEUTICALS
2026-09-10,TEGA,LONG,2026-09-10 09:34:06.060364,2026-09-10 09:55:36.000000,1756.88,1758.72,80,147.19999999999345,BUYING_DRIED_UP,21.498993933333335,RANKED_SETUP,,,,,,STRONG,,CAPITAL GOODS
2026-09-10,INOXINDIA,LONG,2026-09-10 09:38:28.496755,2026-09-10 10:36:13.000000,2259.8,2258.97,59,-48.97000000002254,BUYING_DRIED_UP,57.74172075,RANKED_SETUP,,,,,,STRONG,,CAPITAL GOODS
2026-09-10,MIDHANI,LONG,2026-09-10 09:50:50.355548,2026-09-10 10:23:20.000000,480.84,465.92,285,-4252.199999999988,TRAILING_STOP,32.4940742,RANKED_SETUP,,,,,,STRONG,,METALS & MINING
2026-09-10,ITDC,LONG,2026-09-10 09:56:54.438915,2026-09-10 10:26:20.000000,679.36,719.64,182,7330.9599999999955,BUYING_DRIED_UP,29.426018083333336,RANKED_SETUP,,,,,,WEAK,,HOSPITALITY & TOURISM
